date,ticker,signal,close_price,exec_price,shares_affected,cash_after,portfolio_value,pnl_pct,exit_reason,chandelier_stop,bars_in_cooldown,note
2026-06-03,TMPV.NS,BUY,390.2000,390.3951,44,47983.14,99894.04,-0.1060,,356.7941,,stop=chandelier dist=₹34 binding=risk_budget
2026-06-03,WHIRLPOOL.NS,BUY,829.5000,829.9147,16,47983.14,99894.04,-0.1060,,741.2151,,stop=chandelier dist=₹89 binding=risk_budget
2026-06-03,SIEMENS.NS,BUY,3729.7000,3731.5648,3,47983.14,99894.04,-0.1060,,3267.0000,,stop=chandelier dist=₹465 binding=risk_budget
2026-06-03,BAJAJ-AUTO.NS,BUY,10281.0000,10286.1405,1,47983.14,99894.04,-0.1060,,9646.1953,,stop=chandelier dist=₹640 binding=position_cap
2026-06-03,TMPV.NS,HOLD,385.7500,,,61073.31,99357.11,-0.6429,,358.1194,,
2026-06-03,WHIRLPOOL.NS,SELL,820.0000,819.5900,16,61073.31,99357.11,-0.6429,STRATEGY_SIGNAL,742.5000,,
2026-06-03,SIEMENS.NS,HOLD,3678.6000,,,61073.31,99357.11,-0.6429,,3337.6021,,
2026-06-03,BAJAJ-AUTO.NS,HOLD,10275.0000,,,61073.31,99357.11,-0.6429,,9660.1410,,
2026-06-03,TMPV.NS,HOLD,398.0000,,,61073.31,99916.41,-0.0836,,364.2512,,
2026-06-03,WHIRLPOOL.NS,HOLD,816.0000,,,61073.31,99916.41,-0.0836,,,,
2026-06-03,SIEMENS.NS,HOLD,3698.7000,,,61073.31,99916.41,-0.0836,,3337.6021,,
2026-06-03,BAJAJ-AUTO.NS,HOLD,10235.0000,,,61073.31,99916.41,-0.0836,,9660.1410,,
2026-06-04,TMPV.NS,HOLD,400.3500,,,61073.31,100109.81,0.1098,,365.8592,,
2026-06-04,WHIRLPOOL.NS,HOLD,808.6500,,,61073.31,100109.81,0.1098,,,,
2026-06-04,SIEMENS.NS,HOLD,3685.7000,,,61073.31,100109.81,0.1098,,3353.2114,,
2026-06-04,BAJAJ-AUTO.NS,HOLD,10364.0000,,,61073.31,100109.81,0.1098,,9669.9390,,
2026-06-05,TMPV.NS,HOLD,397.4500,,,61073.31,100013.81,0.0138,,368.0251,,
2026-06-05,WHIRLPOOL.NS,HOLD,799.0000,,,61073.31,100013.81,0.0138,,,,
2026-06-05,SIEMENS.NS,HOLD,3700.9000,,,61073.31,100013.81,0.0138,,3360.9501,,
2026-06-05,BAJAJ-AUTO.NS,HOLD,10350.0000,,,61073.31,100013.81,0.0138,,9686.5885,,
2026-06-09,TMPV.NS,HOLD,387.9000,,,61073.31,99199.41,-0.8006,,368.6279,,
2026-06-09,WHIRLPOOL.NS,HOLD,777.0000,,,61073.31,99199.41,-0.8006,,,,
2026-06-09,SIEMENS.NS,HOLD,3619.5000,,,61073.31,99199.41,-0.8006,,3366.0000,,
2026-06-09,BAJAJ-AUTO.NS,HOLD,10200.0000,,,61073.31,99199.41,-0.8006,,9704.5421,,
2026-06-10,TMPV.NS,HOLD,381.0000,,,61073.31,98647.61,-1.3524,,368.9391,,
2026-06-10,WHIRLPOOL.NS,HOLD,785.4500,,,61073.31,98647.61,-1.3524,,,,
2026-06-10,SIEMENS.NS,HOLD,3560.1000,,,61073.31,98647.61,-1.3524,,3366.0000,,
2026-06-10,BAJAJ-AUTO.NS,HOLD,10130.0000,,,61073.31,98647.61,-1.3524,,9715.5846,,
2026-06-11,TMPV.NS,HOLD,376.3000,,,61073.31,98339.51,-1.6605,,369.2738,,
2026-06-11,WHIRLPOOL.NS,HOLD,769.3500,,,61073.31,98339.51,-1.6605,,,,
2026-06-11,SIEMENS.NS,HOLD,3528.0000,,,61073.31,98339.51,-1.6605,,3366.0000,,
2026-06-11,BAJAJ-AUTO.NS,HOLD,10125.0000,,,61073.31,98339.51,-1.6605,,9724.2596,,
2026-06-12,TMPV.NS,HOLD,391.0000,,,61073.31,99043.31,-0.9567,,369.2738,,
2026-06-12,WHIRLPOOL.NS,HOLD,770.0000,,,61073.31,99043.31,-0.9567,,,,
2026-06-12,SIEMENS.NS,HOLD,3564.0000,,,61073.31,99043.31,-0.9567,,3366.0000,,
2026-06-12,BAJAJ-AUTO.NS,HOLD,10074.0000,,,61073.31,99043.31,-0.9567,,9724.2596,,
2026-06-15,TMPV.NS,HOLD,396.5000,,,61073.31,99252.61,-0.7474,,372.2759,,
2026-06-15,WHIRLPOOL.NS,HOLD,795.0000,,,61073.31,99252.61,-0.7474,,,,
2026-06-15,SIEMENS.NS,HOLD,3599.1000,,,61073.31,99252.61,-0.7474,,3366.0000,,
2026-06-15,BAJAJ-AUTO.NS,HOLD,9936.0000,,,61073.31,99252.61,-0.7474,,9724.2596,,
2026-06-15,CUMMINSIND.NS,HOLD,5751.0000,,,61073.31,99252.61,-0.7474,,,,
2026-06-15,HCLTECH.NS,HOLD,1122.3000,,,61073.31,99252.61,-0.7474,,,,
2026-06-16,TMPV.NS,HOLD,393.1500,,,61073.31,99221.91,-0.7781,,372.3770,,
2026-06-16,WHIRLPOOL.NS,HOLD,785.9000,,,61073.31,99221.91,-0.7781,,,,
2026-06-16,SIEMENS.NS,HOLD,3635.0000,,,61073.31,99221.91,-0.7781,,3366.0000,,
2026-06-16,BAJAJ-AUTO.NS,HOLD,9945.0000,,,61073.31,99221.91,-0.7781,,9730.5032,,
2026-06-16,CUMMINSIND.NS,HOLD,5727.0000,,,61073.31,99221.91,-0.7781,,,,
2026-06-16,HCLTECH.NS,HOLD,1160.4000,,,61073.31,99221.91,-0.7781,,,,
2026-06-17,TMPV.NS,RISK_EXIT,361.6500,361.4692,44,76953.97,98143.97,-1.8560,CHANDELIER,372.3770,15,
2026-06-17,WHIRLPOOL.NS,HOLD,790.0000,,,76953.97,98143.97,-1.8560,,,,
2026-06-17,SIEMENS.NS,HOLD,3722.0000,,,76953.97,98143.97,-1.8560,,3366.0000,,
2026-06-17,BAJAJ-AUTO.NS,HOLD,10024.0000,,,76953.97,98143.97,-1.8560,,9743.5770,,
2026-06-17,CUMMINSIND.NS,HOLD,5825.5000,,,76953.97,98143.97,-1.8560,,,,
2026-06-17,HCLTECH.NS,HOLD,1165.2000,,,76953.97,98143.97,-1.8560,,,,
2026-06-17,BOSCHLTD.NS,HOLD,39095.0000,,,76953.97,98143.97,-1.8560,,,,
2026-06-17,COLPAL.NS,HOLD,2030.0000,,,76953.97,98143.97,-1.8560,,,,
2026-06-17,ANURAS.NS,HOLD,1299.0000,,,76953.97,98143.97,-1.8560,,,,
2026-06-17,HEROMOTOCO.NS,HOLD,5021.0000,,,76953.97,98143.97,-1.8560,,,,
2026-06-18,WHIRLPOOL.NS,HOLD,807.5000,,,76953.97,98287.27,-1.7127,,,,
2026-06-18,SIEMENS.NS,HOLD,3746.1000,,,76953.97,98287.27,-1.7127,,3366.0000,,
2026-06-18,BAJAJ-AUTO.NS,HOLD,10095.0000,,,76953.97,98287.27,-1.7127,,9761.6102,,
2026-06-18,HCLTECH.NS,HOLD,1159.4000,,,76953.97,98287.27,-1.7127,,,,
2026-06-18,COLPAL.NS,HOLD,2022.8000,,,76953.97,98287.27,-1.7127,,,,
2026-06-18,ANURAS.NS,HOLD,1287.0000,,,76953.97,98287.27,-1.7127,,,,
2026-06-18,HEROMOTOCO.NS,HOLD,5025.0000,,,76953.97,98287.27,-1.7127,,,,
2026-06-18,NEWGEN.NS,HOLD,487.8000,,,76953.97,98287.27,-1.7127,,,,
2026-06-18,JKTYRE.NS,HOLD,397.2000,,,76953.97,98287.27,-1.7127,,,,
2026-06-18,BSOFT.NS,HOLD,324.6000,,,76953.97,98287.27,-1.7127,,,,
2026-06-19,WHIRLPOOL.NS,HOLD,795.0000,,,76953.97,98322.37,-1.6776,,,,
2026-06-19,SIEMENS.NS,HOLD,3762.8000,,,76953.97,98322.37,-1.6776,,3366.0000,,
2026-06-19,BAJAJ-AUTO.NS,HOLD,10080.0000,,,76953.97,98322.37,-1.6776,,9766.7637,,
2026-06-19,HCLTECH.NS,HOLD,1136.0000,,,76953.97,98322.37,-1.6776,,,,
2026-06-19,COLPAL.NS,HOLD,2002.0000,,,76953.97,98322.37,-1.6776,,,,
2026-06-19,ANURAS.NS,HOLD,1283.0000,,,76953.97,98322.37,-1.6776,,,,
2026-06-19,HEROMOTOCO.NS,HOLD,4984.9000,,,76953.97,98322.37,-1.6776,,,,
2026-06-19,NEWGEN.NS,HOLD,487.0000,,,76953.97,98322.37,-1.6776,,,,
2026-06-19,JKTYRE.NS,HOLD,400.2000,,,76953.97,98322.37,-1.6776,,,,
2026-06-19,BSOFT.NS,HOLD,327.4000,,,76953.97,98322.37,-1.6776,,,,
2026-06-22,WHIRLPOOL.NS,HOLD,816.9000,,,18112.77,39636.77,-60.3632,,,,
2026-06-22,SIEMENS.NS,HOLD,3770.0000,,,18112.77,39636.77,-60.3632,,3446.5006,,
2026-06-22,BAJAJ-AUTO.NS,HOLD,10214.0000,,,18112.77,39636.77,-60.3632,,9767.6468,,
2026-06-22,HCLTECH.NS,HOLD,1128.7000,,,18112.77,39636.77,-60.3632,,,,
2026-06-22,COLPAL.NS,HOLD,1981.9000,,,18112.77,39636.77,-60.3632,,,,
2026-06-22,ANURAS.NS,HOLD,1282.0000,,,18112.77,39636.77,-60.3632,,,,
2026-06-22,HEROMOTOCO.NS,HOLD,4988.9000,,,18112.77,39636.77,-60.3632,,,,
2026-06-22,NEWGEN.NS,HOLD,481.8000,,,18112.77,39636.77,-60.3632,,,,
2026-06-22,JKTYRE.NS,HOLD,410.3500,,,18112.77,39636.77,-60.3632,,,,
2026-06-22,BSOFT.NS,HOLD,316.9500,,,18112.77,39636.77,-60.3632,,,,
2026-06-23,WHIRLPOOL.NS,HOLD,806.0000,,,29123.51,39122.51,-60.8775,,,,
2026-06-23,SIEMENS.NS,SELL,3681.0000,3679.1595,3,29123.51,39122.51,-60.8775,STRATEGY_SIGNAL,3463.6278,,
2026-06-23,BAJAJ-AUTO.NS,HOLD,9999.0000,,,29123.51,39122.51,-60.8775,,9767.6468,,
2026-06-23,HCLTECH.NS,HOLD,1108.3000,,,29123.51,39122.51,-60.8775,,,,
2026-06-23,COLPAL.NS,HOLD,1982.1000,,,29123.51,39122.51,-60.8775,,,,
2026-06-23,ANURAS.NS,HOLD,1272.9000,,,29123.51,39122.51,-60.8775,,,,
2026-06-23,HEROMOTOCO.NS,HOLD,4984.0000,,,29123.51,39122.51,-60.8775,,,,
2026-06-23,NEWGEN.NS,REGIME_SKIP,471.5500,,,29123.51,39122.51,-60.8775,,,,
2026-06-23,JKTYRE.NS,HOLD,407.0000,,,29123.51,39122.51,-60.8775,,,,
2026-06-23,BSOFT.NS,HOLD,308.0000,,,29123.51,39122.51,-60.8775,,,,
2026-06-24,WHIRLPOOL.NS,HOLD,815.0000,,,18042.13,38471.13,-61.5289,,,,
2026-06-24,SIEMENS.NS,HOLD,3558.0000,,,18042.13,38471.13,-61.5289,,3366.0000,,
2026-06-24,BAJAJ-AUTO.NS,HOLD,9755.0000,,,18042.13,38471.13,-61.5289,,9747.7945,,
2026-06-24,HCLTECH.NS,HOLD,1112.5000,,,18042.13,38471.13,-61.5289,,,,
2026-06-24,COLPAL.NS,HOLD,1964.0000,,,18042.13,38471.13,-61.5289,,,,
2026-06-24,ANURAS.NS,HOLD,1286.0000,,,18042.13,38471.13,-61.5289,,,,
2026-06-24,HEROMOTOCO.NS,HOLD,4892.0000,,,18042.13,38471.13,-61.5289,,,,
2026-06-24,NEWGEN.NS,HOLD,473.0000,,,18042.13,38471.13,-61.5289,,,,
2026-06-24,JKTYRE.NS,HOLD,402.2500,,,18042.13,38471.13,-61.5289,,,,
2026-06-24,BSOFT.NS,HOLD,308.0000,,,18042.13,38471.13,-61.5289,,,,
2026-06-24,PERSISTENT.NS,HOLD,4911.0000,,,18042.13,38471.13,-61.5289,,,,
2026-06-25,SIEMENS.NS,HOLD,3633.0000,,,80.70,80.70,-99.9193,,,,
2026-06-25,BAJAJ-AUTO.NS,SELL,9850.0000,9845.0750,1,80.70,80.70,-99.9193,STRATEGY_SIGNAL,9755.7734,,
2026-06-25,HCLTECH.NS,HOLD,1101.0000,,,80.70,80.70,-99.9193,,,,
2026-06-25,COLPAL.NS,HOLD,1990.1000,,,80.70,80.70,-99.9193,,,,
2026-06-25,ANURAS.NS,HOLD,1265.1000,,,80.70,80.70,-99.9193,,,,
2026-06-25,NEWGEN.NS,HOLD,473.5500,,,80.70,80.70,-99.9193,,,,
2026-06-25,JKTYRE.NS,HOLD,397.2500,,,80.70,80.70,-99.9193,,,,
2026-06-25,BSOFT.NS,HOLD,301.7500,,,80.70,80.70,-99.9193,,,,
2026-06-25,PERSISTENT.NS,HOLD,4846.5000,,,80.70,80.70,-99.9193,,,,
2026-06-29,BAJAJ-AUTO.NS,HOLD,9664.0000,,,243.49,98049.45,-1.9505,,,,
2026-06-29,HCLTECH.NS,HOLD,1103.6000,,,243.49,98049.45,-1.9505,,,,
2026-06-29,COLPAL.NS,HOLD,1995.9000,,,243.49,98049.45,-1.9505,,,,
2026-06-29,ANURAS.NS,HOLD,1278.0000,,,243.49,98049.45,-1.9505,,,,
2026-06-29,NEWGEN.NS,HOLD,467.0000,,,243.49,98049.45,-1.9505,,,,
2026-06-29,JKTYRE.NS,HOLD,388.9000,,,243.49,98049.45,-1.9505,,,,
2026-06-29,BSOFT.NS,HOLD,298.6500,,,243.49,98049.45,-1.9505,,,,
2026-06-29,PERSISTENT.NS,HOLD,4292.0000,,,243.49,98049.45,-1.9505,,,,
2026-06-30,BAJAJ-AUTO.NS,HOLD,9707.0000,,,243.49,97984.83,-2.0152,,,,
2026-06-30,HCLTECH.NS,HOLD,1072.0000,,,243.49,97984.83,-2.0152,,,,
2026-06-30,COLPAL.NS,HOLD,2000.5000,,,243.49,97984.83,-2.0152,,,,
2026-06-30,ANURAS.NS,HOLD,1262.4000,,,243.49,97984.83,-2.0152,,,,
2026-06-30,NEWGEN.NS,HOLD,471.7500,,,243.49,97984.83,-2.0152,,,,
2026-06-30,JKTYRE.NS,HOLD,393.2000,,,243.49,97984.83,-2.0152,,,,
2026-06-30,BSOFT.NS,HOLD,286.6000,,,243.49,97984.83,-2.0152,,,,
2026-06-30,PERSISTENT.NS,HOLD,4329.0000,,,243.49,97984.83,-2.0152,,,,
2026-07-01,BAJAJ-AUTO.NS,HOLD,9849.0000,,,243.49,98196.64,-1.8034,,,,
2026-07-01,HCLTECH.NS,HOLD,1035.0000,,,243.49,98196.64,-1.8034,,,,
2026-07-01,COLPAL.NS,HOLD,2072.0000,,,243.49,98196.64,-1.8034,,,,
2026-07-01,ANURAS.NS,HOLD,1267.0000,,,243.49,98196.64,-1.8034,,,,
2026-07-01,NEWGEN.NS,HOLD,472.5000,,,243.49,98196.64,-1.8034,,,,
2026-07-01,JKTYRE.NS,HOLD,396.1000,,,243.49,98196.64,-1.8034,,,,
2026-07-01,BSOFT.NS,HOLD,276.4000,,,243.49,98196.64,-1.8034,,,,
2026-07-01,PERSISTENT.NS,HOLD,4325.0000,,,243.49,98196.64,-1.8034,,,,
2026-07-02,BAJAJ-AUTO.NS,HOLD,9852.0000,,,243.49,98717.19,-1.2828,,,,
2026-07-02,HCLTECH.NS,HOLD,1080.5000,,,243.49,98717.19,-1.2828,,,,
2026-07-02,COLPAL.NS,HOLD,2058.0000,,,243.49,98717.19,-1.2828,,,,
2026-07-02,ANURAS.NS,HOLD,1273.0000,,,243.49,98717.19,-1.2828,,,,
2026-07-02,NEWGEN.NS,HOLD,482.6500,,,243.49,98717.19,-1.2828,,,,
2026-07-02,JKTYRE.NS,HOLD,416.9000,,,243.49,98717.19,-1.2828,,,,
2026-07-02,BSOFT.NS,HOLD,281.9000,,,243.49,98717.19,-1.2828,,,,
2026-07-02,PERSISTENT.NS,HOLD,4587.0000,,,243.49,98717.19,-1.2828,,,,
2026-07-03,BAJAJ-AUTO.NS,HOLD,9784.0000,,,243.49,99327.49,-0.6725,,,,
2026-07-03,HCLTECH.NS,HOLD,1140.0000,,,243.49,99327.49,-0.6725,,,,
2026-07-03,COLPAL.NS,HOLD,2042.3000,,,243.49,99327.49,-0.6725,,,,
2026-07-03,ANURAS.NS,HOLD,1263.0000,,,243.49,99327.49,-0.6725,,,,
2026-07-03,NEWGEN.NS,HOLD,482.0000,,,243.49,99327.49,-0.6725,,,,
2026-07-03,JKTYRE.NS,HOLD,412.0000,,,243.49,99327.49,-0.6725,,,,
2026-07-03,BSOFT.NS,HOLD,282.8500,,,243.49,99327.49,-0.6725,,,,
2026-07-03,PERSISTENT.NS,HOLD,4675.1000,,,243.49,99327.49,-0.6725,,,,
2026-07-06,BAJAJ-AUTO.NS,HOLD,10047.0000,,,243.49,99848.04,-0.1520,,,,
2026-07-06,HCLTECH.NS,HOLD,1135.0000,,,243.49,99848.04,-0.1520,,,,
2026-07-06,COLPAL.NS,HOLD,2082.9000,,,243.49,99848.04,-0.1520,,,,
2026-07-06,ANURAS.NS,HOLD,1269.7000,,,243.49,99848.04,-0.1520,,,,
2026-07-06,NEWGEN.NS,HOLD,481.8000,,,243.49,99848.04,-0.1520,,,,
2026-07-06,JKTYRE.NS,HURST_SKIP,410.0000,,,243.49,99848.04,-0.1520,,,,
2026-07-06,BSOFT.NS,HOLD,281.7000,,,243.49,99848.04,-0.1520,,,,
2026-07-06,PERSISTENT.NS,HOLD,4725.0000,,,243.49,99848.04,-0.1520,,,,
2026-07-07,BAJAJ-AUTO.NS,HOLD,10105.0000,,,243.49,99589.56,-0.4104,,,,
2026-07-07,HCLTECH.NS,HOLD,1170.0000,,,243.49,99589.56,-0.4104,,,,
2026-07-07,COLPAL.NS,HOLD,2076.6000,,,243.49,99589.56,-0.4104,,,,
2026-07-07,ANURAS.NS,HOLD,1270.5000,,,243.49,99589.56,-0.4104,,,,
2026-07-07,NEWGEN.NS,HOLD,480.4500,,,243.49,99589.56,-0.4104,,,,
2026-07-07,BSOFT.NS,HOLD,282.9500,,,243.49,99589.56,-0.4104,,,,
2026-07-07,PERSISTENT.NS,HOLD,4888.0000,,,243.49,99589.56,-0.4104,,,,
2026-07-08,BAJAJ-AUTO.NS,HOLD,10178.5000,,,243.49,97783.79,-2.2162,,,,
2026-07-08,HCLTECH.NS,HOLD,1141.7000,,,243.49,97783.79,-2.2162,,,,
2026-07-08,COLPAL.NS,HOLD,2028.9000,,,243.49,97783.79,-2.2162,,,,
2026-07-08,ANURAS.NS,HOLD,1260.0000,,,243.49,97783.79,-2.2162,,,,
2026-07-08,NEWGEN.NS,HOLD,466.0000,,,243.49,97783.79,-2.2162,,,,
2026-07-08,BSOFT.NS,SKIP_CA,272.1000,,,243.49,97783.79,-2.2162,,,,
2026-07-08,PERSISTENT.NS,HOLD,4761.0000,,,243.49,97783.79,-2.2162,,,,
2026-07-09,BAJAJ-AUTO.NS,HOLD,10174.5000,,,243.49,98214.59,-1.7854,,,,
2026-07-09,HCLTECH.NS,HOLD,1151.0000,,,243.49,98214.59,-1.7854,,,,
2026-07-09,COLPAL.NS,HOLD,2063.9000,,,243.49,98214.59,-1.7854,,,,
2026-07-09,ANURAS.NS,HOLD,1269.8000,,,243.49,98214.59,-1.7854,,,,
2026-07-09,NEWGEN.NS,HOLD,474.0000,,,243.49,98214.59,-1.7854,,,,
2026-07-09,BSOFT.NS,SKIP_CA,275.0000,,,243.49,98214.59,-1.7854,,,,
2026-07-09,PERSISTENT.NS,HOLD,4841.9000,,,243.49,98214.59,-1.7854,,,,
2026-07-10,BAJAJ-AUTO.NS,HOLD,10155.0000,,,243.49,99072.60,-0.9274,,,,
2026-07-10,HCLTECH.NS,HOLD,1168.0000,,,243.49,99072.60,-0.9274,,,,
2026-07-10,COLPAL.NS,HOLD,2051.0000,,,243.49,99072.60,-0.9274,,,,
2026-07-10,ANURAS.NS,HOLD,1267.5000,,,243.49,99072.60,-0.9274,,,,
2026-07-10,NEWGEN.NS,HOLD,515.5000,,,243.49,99072.60,-0.9274,,,,
2026-07-10,BSOFT.NS,SKIP_CA,290.5000,,,243.49,99072.60,-0.9274,,,,
2026-07-10,PERSISTENT.NS,HOLD,5039.9000,,,243.49,99072.60,-0.9274,,,,
2026-07-10,CHOLAHLDNG.NS,HOLD,1645.0000,,,243.49,99072.60,-0.9274,,,,
2026-07-10,COHANCE.NS,HOLD,452.0000,,,243.49,99072.60,-0.9274,,,,
2026-07-13,BAJAJ-AUTO.NS,HOLD,10410.0000,,,243.49,99022.34,-0.9777,,,,
2026-07-13,HCLTECH.NS,HOLD,1224.0000,,,243.49,99022.34,-0.9777,,,,
2026-07-13,COLPAL.NS,HOLD,2026.0000,,,243.49,99022.34,-0.9777,,,,
2026-07-13,ANURAS.NS,HOLD,1256.5000,,,243.49,99022.34,-0.9777,,,,
2026-07-13,BSOFT.NS,HOLD,299.8000,,,243.49,99022.34,-0.9777,,,,
2026-07-13,PERSISTENT.NS,HOLD,5186.9000,,,243.49,99022.34,-0.9777,,,,
2026-07-13,CHOLAHLDNG.NS,HOLD,1649.5000,,,243.49,99022.34,-0.9777,,,,
2026-07-13,COHANCE.NS,HOLD,448.3000,,,243.49,99022.34,-0.9777,,,,
2026-07-13,MAPMYINDIA.NS,HURST_SKIP,1183.0000,,,243.49,99022.34,-0.9777,,,,
2026-07-14,BAJAJ-AUTO.NS,HOLD,10169.0000,,,243.49,98412.04,-1.5880,,,,
2026-07-14,HCLTECH.NS,HOLD,1164.6000,,,243.49,98412.04,-1.5880,,,,
2026-07-14,COLPAL.NS,HOLD,2008.7000,,,243.49,98412.04,-1.5880,,,,
2026-07-14,ANURAS.NS,HOLD,1262.5000,,,243.49,98412.04,-1.5880,,,,
2026-07-14,BSOFT.NS,HOLD,288.6500,,,243.49,98412.04,-1.5880,,,,
2026-07-14,PERSISTENT.NS,HOLD,5125.0000,,,243.49,98412.04,-1.5880,,,,
2026-07-14,CHOLAHLDNG.NS,HOLD,1592.4000,,,243.49,98412.04,-1.5880,,,,
2026-07-14,COHANCE.NS,HURST_SKIP,436.4000,,,243.49,98412.04,-1.5880,,,,
2026-07-14,MAPMYINDIA.NS,HOLD,1182.0000,,,243.49,98412.04,-1.5880,,,,
2026-07-15,BAJAJ-AUTO.NS,HOLD,10311.0000,,,243.49,98501.79,-1.4982,,,,
2026-07-15,HCLTECH.NS,SKIP_CA,1167.0000,,,243.49,98501.79,-1.4982,,,,
2026-07-15,COLPAL.NS,HOLD,2010.1000,,,243.49,98501.79,-1.4982,,,,
2026-07-15,ANURAS.NS,HOLD,1270.0000,,,243.49,98501.79,-1.4982,,,,
2026-07-15,BSOFT.NS,HOLD,285.5000,,,243.49,98501.79,-1.4982,,,,
2026-07-15,PERSISTENT.NS,HOLD,5080.8000,,,243.49,98501.79,-1.4982,,,,
2026-07-15,CHOLAHLDNG.NS,HOLD,1607.9000,,,243.49,98501.79,-1.4982,,,,
2026-07-15,COHANCE.NS,HOLD,433.8000,,,243.49,98501.79,-1.4982,,,,
2026-07-15,MAPMYINDIA.NS,HOLD,1175.0000,,,243.49,98501.79,-1.4982,,,,
2026-07-16,BAJAJ-AUTO.NS,HOLD,10311.0000,,,243.49,98674.11,-1.3259,,,,
2026-07-16,HCLTECH.NS,SKIP_CA,1189.7000,,,243.49,98674.11,-1.3259,,,,
2026-07-16,COLPAL.NS,HOLD,1998.0000,,,243.49,98674.11,-1.3259,,,,
2026-07-16,ANURAS.NS,HOLD,1268.3000,,,243.49,98674.11,-1.3259,,,,
2026-07-16,BSOFT.NS,HOLD,289.9000,,,243.49,98674.11,-1.3259,,,,
2026-07-16,PERSISTENT.NS,HOLD,5078.0000,,,243.49,98674.11,-1.3259,,,,
2026-07-16,CHOLAHLDNG.NS,HOLD,1563.0000,,,243.49,98674.11,-1.3259,,,,
2026-07-16,COHANCE.NS,HOLD,444.2000,,,243.49,98674.11,-1.3259,,,,
2026-07-16,MAPMYINDIA.NS,HOLD,1181.0000,,,243.49,98674.11,-1.3259,,,,
2026-07-17,BAJAJ-AUTO.NS,HOLD,10439.5000,,,243.49,99542.89,-0.4571,,,,
2026-07-17,HCLTECH.NS,HOLD,1203.0000,,,243.49,99542.89,-0.4571,,,,
2026-07-17,COLPAL.NS,HOLD,2045.0000,,,243.49,99542.89,-0.4571,,,,
2026-07-17,ANURAS.NS,HOLD,1267.0000,,,243.49,99542.89,-0.4571,,,,
2026-07-17,BSOFT.NS,HOLD,288.0000,,,243.49,99542.89,-0.4571,,,,
2026-07-17,PERSISTENT.NS,HOLD,5175.0000,,,243.49,99542.89,-0.4571,,,,
2026-07-17,CHOLAHLDNG.NS,HOLD,1572.4000,,,243.49,99542.89,-0.4571,,,,
2026-07-17,COHANCE.NS,HOLD,442.0000,,,243.49,99542.89,-0.4571,,,,
2026-07-17,MAPMYINDIA.NS,HOLD,1178.0000,,,243.49,99542.89,-0.4571,,,,
2026-07-17,EMAMILTD.NS,HOLD,410.0000,,,243.49,99542.89,-0.4571,,,,
